{"stats":{"minecraft:used":{"minecraft:dirt":1,"minecraft:stone_sword":41,"minecraft:bread":2,"minecraft:shield":10},"minecraft:killed":{"minecraft:zombie":2,"minecraft:stray":1,"creeperoverhaul:snowy_creeper":1,"graveyard:revenant":2},"minecraft:custom":{"minecraft:crouch_one_cm":1279,"minecraft:time_since_rest":11952,"minecraft:sneak_time":338,"minecraft:play_time":11952,"minecraft:sprint_one_cm":10778,"minecraft:damage_taken":190,"minecraft:walk_one_cm":69009,"minecraft:damage_blocked_by_shield":238,"minecraft:mob_kills":6,"minecraft:drop":4,"minecraft:jump":138,"minecraft:damage_dealt":1294,"minecraft:leave_game":1,"minecraft:time_since_death":11952,"minecraft:total_world_time":11952,"minecraft:hex":0,"minecraft:fly_one_cm":7010,"minecraft:fall_one_cm":1709},"minecraft:mined":{"minecraft:grass":4,"minecraft:grass_block":1},"minecraft:dropped":{"bewitchment:garlic":1,"minecraft:dirt":1,"fishofthieves:earthworms":2},"minecraft:picked_up":{"minecraft:pumpkin":1,"minecraft:tipped_arrow":1,"minecraft:bone":4,"bewitchment:garlic":1,"frostiful:frost_tipped_arrow":2,"fishofthieves:earthworms":2,"minecraft:rotten_flesh":2,"minecraft:arrow":2,"minecraft:white_wool":2,"minecraft:dirt":3}},"DataVersion":3465}