{"stats":{"minecraft:used":{"minecraft:stone_sword":21,"minecraft:dirt":3,"minecraft:bread":4},"minecraft:killed":{"minecraft:zombie":2,"minecraft:stray":1},"minecraft:custom":{"minecraft:time_since_rest":19712,"minecraft:crouch_one_cm":155,"minecraft:sprint_one_cm":31058,"minecraft:play_time":38428,"minecraft:damage_taken":681,"minecraft:deaths":1,"minecraft:walk_one_cm":45966,"minecraft:sneak_time":29,"minecraft:mob_kills":3,"minecraft:drop":6,"minecraft:jump":391,"minecraft:damage_dealt":631,"minecraft:leave_game":2,"minecraft:time_since_death":8242,"minecraft:total_world_time":38428,"minecraft:hex":0,"minecraft:fall_one_cm":15077,"minecraft:fly_one_cm":48545},"minecraft:killed_by":{"minecraft:skeleton":1},"minecraft:mined":{"minecraft:grass":4,"minecraft:grass_block":15,"minecraft:gravel":1,"minecraft:dirt":2,"minecraft:packed_ice":7,"minecraft:pumpkin":8},"minecraft:dropped":{"minecraft:dirt":6},"minecraft:picked_up":{"frostiful:frost_tipped_arrow":1,"minecraft:bone":2,"minecraft:pumpkin":7,"minecraft:wheat_seeds":1,"minecraft:gravel":1,"minecraft:dirt":22}},"DataVersion":3465}