{"stats":{"minecraft:used":{"minecraft:dirt":3},"minecraft:mined":{"minecraft:grass":4,"minecraft:grass_block":7,"minecraft:gravel":1,"minecraft:dirt":2,"minecraft:packed_ice":7,"minecraft:pumpkin":2},"minecraft:dropped":{"minecraft:dirt":4},"minecraft:custom":{"minecraft:time_since_rest":11748,"minecraft:sprint_one_cm":11091,"minecraft:play_time":30464,"minecraft:deaths":1,"minecraft:damage_taken":235,"minecraft:walk_one_cm":18576,"minecraft:sneak_time":10,"minecraft:drop":4,"minecraft:jump":214,"minecraft:damage_dealt":24,"minecraft:leave_game":2,"minecraft:time_since_death":278,"minecraft:total_world_time":30464,"minecraft:fall_one_cm":8585,"minecraft:fly_one_cm":20330},"minecraft:picked_up":{"minecraft:pumpkin":2,"minecraft:wheat_seeds":1,"minecraft:gravel":1,"minecraft:dirt":13},"minecraft:killed_by":{"minecraft:skeleton":1}},"DataVersion":3465}