{"stats":{"minecraft:killed":{"minecraft:zombie":2,"minecraft:stray":1},"minecraft:picked_up":{"frostiful:frost_tipped_arrow":1,"minecraft:bone":2,"minecraft:pumpkin":7,"minecraft:wheat_seeds":1,"minecraft:gravel":1,"minecraft:dirt":22},"minecraft:mined":{"minecraft:grass":4,"minecraft:grass_block":15,"minecraft:gravel":1,"minecraft:dirt":2,"minecraft:packed_ice":7,"minecraft:pumpkin":8},"minecraft:killed_by":{"minecraft:skeleton":1},"minecraft:used":{"minecraft:stone_sword":21,"minecraft:dirt":3,"minecraft:bread":4},"minecraft:dropped":{"minecraft:dirt":6},"minecraft:custom":{"minecraft:time_since_rest":19829,"minecraft:damage_taken":681,"minecraft:play_time":38545,"minecraft:crouch_one_cm":155,"minecraft:sprint_one_cm":31142,"minecraft:walk_one_cm":46093,"minecraft:deaths":1,"minecraft:sneak_time":29,"minecraft:mob_kills":3,"minecraft:drop":6,"minecraft:jump":392,"minecraft:damage_dealt":631,"minecraft:leave_game":3,"minecraft:time_since_death":8359,"minecraft:total_world_time":38545,"minecraft:hex":0,"minecraft:fly_one_cm":48545,"minecraft:fall_one_cm":15077}},"DataVersion":3465}