{"stats":{"minecraft:killed":{"minecraft:zombie":2,"minecraft:stray":1},"minecraft:picked_up":{"minecraft:tipped_arrow":1,"frostiful:frost_tipped_arrow":1,"minecraft:rotten_flesh":1},"minecraft:used":{"minecraft:rotten_flesh":1,"minecraft:stone_sword":20,"minecraft:bread":3,"minecraft:shield":4},"minecraft:custom":{"minecraft:time_since_rest":4545,"minecraft:crouch_one_cm":407,"minecraft:sprint_one_cm":11001,"minecraft:play_time":4545,"minecraft:damage_taken":242,"minecraft:walk_one_cm":13536,"minecraft:sneak_time":159,"minecraft:damage_blocked_by_shield":126,"minecraft:mob_kills":3,"minecraft:jump":107,"minecraft:damage_dealt":530,"minecraft:leave_game":1,"minecraft:time_since_death":4545,"minecraft:total_world_time":4545,"minecraft:hex":0,"minecraft:fall_one_cm":4353,"minecraft:fly_one_cm":15289}},"DataVersion":3465}